,Feature Name
Feature n°1,x1
Feature n°2,x2
Feature n°3,x3
Feature n°4,x4
Feature n°5,x5
Feature n°6,x6
Feature n°7,x7
Feature n°8,x8
Feature n°9,x9
Feature n°10,x10
Feature n°11,x12
Feature n°12,x13
Feature n°13,x14
Feature n°14,x15
Feature n°15,x16
Feature n°16,x17
Feature n°17,x18
Feature n°18,x20
Feature n°19,x21
Feature n°20,x22
Feature n°21,x24
Feature n°22,x25
Feature n°23,x26
Feature n°24,x27
Feature n°25,x29
Feature n°26,x31
Feature n°27,x32
Feature n°28,x33
Feature n°29,x34
Feature n°30,x35
Feature n°31,x36
Feature n°32,x37
Feature n°33,x38
Feature n°34,x39
Feature n°35,x40
Feature n°36,x41
Feature n°37,x42
Feature n°38,x43
Feature n°39,x44
Feature n°40,x45
Feature n°41,x46
Feature n°42,x47
Feature n°43,x48
Feature n°44,x49
Feature n°45,x50
Feature n°46,x51
Feature n°47,x52
Feature n°48,x53
Feature n°49,x54
Feature n°50,x55
Feature n°51,x57
Feature n°52,x58
Feature n°53,x59
Feature n°54,x60
Feature n°55,x61
Feature n°56,x62
Feature n°57,x63
Feature n°58,x64
Feature n°59,x65
Feature n°60,x66
Feature n°61,x67
Feature n°62,x68
Feature n°63,x69
Feature n°64,x70
Feature n°65,x71
Feature n°66,x72
Feature n°67,x75
Feature n°68,x76
Feature n°69,x78
Feature n°70,x80
Feature n°71,x81
Feature n°72,x82
Feature n°73,x84
Feature n°74,x85
Feature n°75,x86
Feature n°76,x87
Feature n°77,x88
Feature n°78,x89
Feature n°79,x90
Feature n°80,x91
Feature n°81,x92
Feature n°82,x93
Feature n°83,x94
Feature n°84,x95
Feature n°85,x96
Feature n°86,x97
Feature n°87,x98
Feature n°88,x99
Feature n°89,x100
